[{"mechName":"RX-78-2 Gundam","mechModel":"RX-78-2","mechType":"Prototype Close Quarters Combat Mobile Suit","combatRole":"Close Quarters Combat","headHeight":18,"emptyMass":43.4,"maxMass":60,"armorType":"Luna Titanium","introDate":"September 18, 0079 U.C.","engine":"Minovsky Ultracompact Fusion Reactor","developmentType":"Prototype","numberOfVariants":2,"image":"images/Rx-78-2gundam-BO2.png"},{"mechName":"RX-77-2 Guncannon","mechModel":"RX-77-2","mechType":"Limited Production Middle Range Support Mobile Suit","combatRole":"Middle-Range Support","headHeight":17.5,"emptyMass":51,"maxMass":70,"armorType":"Luna Titanium","introDate":"September 18, 0079 U.C.","engine":"Thermonuclear Fusion Reactor","developmentType":"Production","numberOfVariants":1,"image":"images/GBO2-Guncannon.png"},{"mechName":"MS-06F Zaku II","mechModel":"MS-06F","mechType":"Mass Produced General-Purpose Mobile Suit","combatRole":"General-Purpose","headHeight":17.5,"emptyMass":58.1,"maxMass":73.3,"armorType":"Super Hard Steel Alloy","introDate":"January 15, 0079 U.C.","engine":"Unknown","developmentType":"Production","numberOfVariants":5,"image":"images/GBO2-Zaku_II.png"},{"mechName":"RX-75 Guntank","mechModel":"RX-75","mechType":"Prototype Long-Range Support Mobile Suit","combatRole":"Long-Range Support","headHeight":15.6,"emptyMass":56,"maxMass":80,"armorType":"Luna Titanium","introDate":"March 20, 0079 U.C.","engine":"Minovsky Ultracompact Fusion Reactor","developmentType":"Prototype","numberOfVariants":0,"image":"images/GBO2-Guntank.png"},{"mechName":"RGM-79 GM","mechModel":"RGM-79","mechType":"Mass Produced General-Purpose Mobile Suit","combatRole":"General-Purpose","headHeight":18.5,"emptyMass":41.2,"maxMass":58.8,"armorType":"Titanium Alloy","introDate":"November, 0079 U.C.","engine":"Minovsky Ultracompact Fusion Reactor","developmentType":"Production","numberOfVariants":4,"image":"images/GBO2-GM.png"}]