[{"mechName":"RX-78-2 Gundam","mechModel":"RX-78-2","mechType":"Prototype Close Quarters Combat Mobile Suit","combatRole":"Close Quarters Combat","headHeight":"18.0 meters","emptyMass":"43.4 metric tons","maxMass":"60.0 metric tons","armorType":"Luna Titanium","introDate":"September 18, 0079 U.C.","engine":"Minovsky Ultracompact Fusion Reactor","developmentType":"Prototype","numberOfVariants":4,"numberOfArmaments":4,"numberOfOptionalArmaments":4,"image":"images/Rx-78-2gundam-BO2.png"},{"mechName":"RX-77-2 Guncannon","mechModel":"RX-77-2","mechType":"Limited Production Middle Range Support Mobile Suit","combatRole":"Middle-Range Support","headHeight":"17.5 meters","emptyMass":"51.0 metric tons","maxMass":"70.0 metric tons","armorType":"Luna Titanium","introDate":"September 18, 0079 U.C.","engine":"Thermonuclear Fusion Reactor","developmentType":"Production","numberOfVariants":1,"numberOfArmaments":4,"numberOfOptionalArmaments":4,"image":"images/GBO2-Guncannon.png"},{"mechName":"MS-06F Zaku II","mechModel":"MS-06F","mechType":"Mass Produced General-Purpose Mobile Suit","combatRole":"General-Purpose","headHeight":"17.5 meters","emptyMass":"58.1 metric tons","maxMass":"73.3 metric tons","armorType":"Super Hard Steel Alloy","introDate":"January 15, 0079 U.C.","engine":"Unknown","developmentType":"Production","numberOfVariants":8,"numberOfArmaments":4,"numberOfOptionalArmaments":10,"image":"images/GBO2-Zaku_II.png"},{"mechName":"RX-75 Guntank","mechModel":"RX-75","mechType":"Prototype Long-Range Support Mobile Suit","combatRole":"Long-Range Support","headHeight":"15.6 meters","emptyMass":"56.0 metric tons","maxMass":"80.0 metric tons","armorType":"Luna Titanium","introDate":"March 20, 0079 U.C.","engine":"Minovsky Ultracompact Fusion Reactor","developmentType":"Prototype","numberOfVariants":0,"numberOfArmaments":2,"numberOfOptionalArmaments":0,"image":"images/GBO2-Guntank.png"},{"mechName":"RGM-79 GM","mechModel":"RGM-79","mechType":"Mass Produced General-Purpose Mobile Suit","combatRole":"General-Purpose","headHeight":"18.5 meters","emptyMass":"41.2 metric tons","maxMass":"58.8 metric tons","armorType":"Titanium Alloy","introDate":"November, 0079 U.C.","engine":"Minovsky Ultracompact Fusion Reactor","developmentType":"Production","numberOfVariants":9,"numberOfArmaments":4,"numberOfOptionalArmaments":11,"image":"images/GBO2-GM.png"}]